<?xml version="1.0" encoding="UTF-8"?>
<project-private xmlns="http://www.netbeans.org/ns/project-private/1">
    <editor-bookmarks xmlns="http://www.netbeans.org/ns/editor-bookmarks/2" lastBookmarkId="0"/>
    <open-files xmlns="http://www.netbeans.org/ns/projectui-open-files/2">
        <group>
            <file>file:/D:/OOP%20project%20stage%204/FoodDeliveryManagementSystemGUI/src/SearchGUI.java</file>
            <file>file:/D:/OOP%20project%20stage%204/FoodDeliveryManagementSystemGUI/src/PersonManager.java</file>
            <file>file:/D:/OOP%20project%20stage%204/FoodDeliveryManagementSystemGUI/src/SupportStaff.java</file>
            <file>file:/D:/OOP%20project%20stage%204/FoodDeliveryManagementSystemGUI/src/PaymentMethod.java</file>
            <file>file:/D:/OOP%20project%20stage%204/FoodDeliveryManagementSystemGUI/src/StaffManagementGUI.java</file>
            <file>file:/D:/OOP%20project%20stage%204/FoodDeliveryManagementSystemGUI/src/DriverManagementGUI.java</file>
            <file>file:/D:/OOP%20project%20stage%204/FoodDeliveryManagementSystemGUI/src/MainMenuGUI.java</file>
            <file>file:/D:/OOP%20project%20stage%204/FoodDeliveryManagementSystemGUI/src/Communication.java</file>
            <file>file:/D:/OOP%20project%20stage%204/FoodDeliveryManagementSystemGUI/src/PaymentManagementGUI.java</file>
            <file>file:/D:/OOP%20project%20stage%204/FoodDeliveryManagementSystemGUI/src/Main.java</file>
            <file>file:/D:/OOP%20project%20stage%204/FoodDeliveryManagementSystemGUI/src/ReportManagementGUI.java</file>
            <file>file:/D:/OOP%20project%20stage%204/FoodDeliveryManagementSystemGUI/src/Payment.java</file>
            <file>file:/D:/OOP%20project%20stage%204/FoodDeliveryManagementSystemGUI/src/DataManager.java</file>
            <file>file:/D:/OOP%20project%20stage%204/FoodDeliveryManagementSystemGUI/src/MenuItem.java</file>
            <file>file:/D:/OOP%20project%20stage%204/FoodDeliveryManagementSystemGUI/src/OrderManagementGUI.java</file>
            <file>file:/D:/OOP%20project%20stage%204/FoodDeliveryManagementSystemGUI/src/Order.java</file>
            <file>file:/D:/OOP%20project%20stage%204/FoodDeliveryManagementSystemGUI/src/DeliveryDriver.java</file>
            <file>file:/D:/OOP%20project%20stage%204/FoodDeliveryManagementSystemGUI/src/Person.java</file>
            <file>file:/D:/OOP%20project%20stage%204/FoodDeliveryManagementSystemGUI/src/Transaction.java</file>
            <file>file:/D:/OOP%20project%20stage%204/FoodDeliveryManagementSystemGUI/src/RestaurantManagementGUI.java</file>
            <file>file:/D:/OOP%20project%20stage%204/FoodDeliveryManagementSystemGUI/src/DeliveryVehicle.java</file>
            <file>file:/D:/OOP%20project%20stage%204/FoodDeliveryManagementSystemGUI/src/Restaurant.java</file>
            <file>file:/D:/OOP%20project%20stage%204/FoodDeliveryManagementSystemGUI/src/Menu.java</file>
            <file>file:/D:/OOP%20project%20stage%204/FoodDeliveryManagementSystemGUI/src/Customer.java</file>
        </group>
    </open-files>
</project-private>
